group	fill	colour	clickSelects
4647	#FFFFFF	#D3D3D3	5
4698	#FFFFFF	#D3D3D3	5
4748	#FFFFFF	#D3D3D3	5
4749	#FFFFFF	#D3D3D3	5
4799	#FFFFFF	#D3D3D3	5
4800	#FFFFFF	#D3D3D3	5
4849	#FFFFFF	#D3D3D3	5
4850	#FFFFFF	#D3D3D3	5
4861	#FFFFFF	#D3D3D3	5
4900	#FFFFFF	#D3D3D3	5
4901	#FFFFFF	#D3D3D3	5
4912	#FFFFFF	#D3D3D3	5
4950	#FFFFFF	#D3D3D3	5
4951	#FFFFFF	#D3D3D3	5
4962	#FFFFFF	#D3D3D3	5
4973	#FFFFFF	#D3D3D3	5
5001	#FFFFFF	#D3D3D3	5
5002	#FFFFFF	#D3D3D3	5
5013	#FFFFFF	#D3D3D3	5
5024	#FFFFFF	#D3D3D3	5
5051	#FFFFFF	#D3D3D3	5
5052	#FFFFFF	#D3D3D3	5
5063	#FFFFFF	#D3D3D3	5
5074	#FFFFFF	#D3D3D3	5
5085	#FFFFFF	#D3D3D3	5
