x	y	clickSelects
0.078562837747993	-0.302033806589201	13
0.064314051553297	-0.255893057574486	13
-0.11807983634176	-2.35395777344867	69
0.06868975975058	-1.64429700985081	78
-0.07232720615641	-0.406041397876002	13
-0.11116467470663	-0.252484494335814	13
-0.0414780387157401	-2.27121341462242	13
-0.0658223350856	2.0824641331837	13
-0.0776106951537201	2.44410850732609	13
-0.0412952237893101	-0.946921287406632	68
-0.11979234770733	-0.906239217371468	13
0.085080783350012	-1.72738176143805	13
-0.0364283226459099	2.05208305688046	13
-0.0921453901365199	-0.93699899395444	13
-0.0705821241867399	-1.46809503776745	13
-0.02280372247882	2.05000357890482	13
-0.0552676154590901	-0.22455138327885	13
-0.04009847464216	1.44350334396298	13
0.051333504266449	0.744971394323937	13
0.011778002993818	-0.239994658904241	13
0.029646753485673	1.77702480608247	13
-0.04594154049597	1.46638108952407	13
0.00159610051034698	2.46853864933359	13
0.056027106891766	0.419762526313168	40
-0.0964686323126001	-0.272308056963215	13
-0.0593367226769299	0.232481350856801	13
-0.0096382144565399	0.959483022985154	13
-0.05126627147175	0.0979607176853072	13
-0.01786681528012	0.516682760070971	13
-0.06092684757143	0.704595814458301	13
-0.10218713547128	2.00084736663376	13
-0.0302975313917999	1.81498170479434	13
0.032219033912767	1.37335448225162	13
0.00755650966560195	1.86625054521612	13
-0.0690344122694899	2.06929534099989	13
-0.02288881385346	2.39530261611091	13
0.007841443659653	1.75042089950667	70
0.00869692645993503	1.70577226646297	29
0.00360281413035601	2.31180619579031	29
-0.07551632299582	-1.25458283288545	78
-0.03196255820056	-1.34462362153448	78
-0.0386816473678999	-1.29953608016989	78
-0.1033755343081	1.14627276360201	13
-0.0140285674210701	-1.40039699225203	13
-0.03223021797537	0.150811708210572	13
-0.0157246833956299	1.78914500953266	13
-0.04971167522693	2.49465849283582	13
-0.00511293703063998	1.4771060119558	13
-0.0164576498511899	2.21751204246269	13
0.027178419417241	1.44167050436446	13
0.026706533273295	0.902360337616347	13
-0.00253447769299009	1.91021898467263	70
0.041019269950924	0.234658054007969	70
-0.0220287792318501	1.39262768797459	29
-0.0344915974589199	0.734348954264352	29
-0.0695392547623299	1.83725378999008	29
0.00740044801600204	-0.460214805564203	29
0.033339053733877	0.8358355572798	29
-0.10277070451521	1.74622795330734	13
-0.06965215848725	1.63264645844565	13
0.079107349302726	-0.227880635410589	34
0.013365043250665	-1.34578854490168	34
0.039905526391486	0.446683219166964	34
0.04686065495249	0.47378405679898	34
0.0771956294728831	-0.165616585657094	70
0.068494977237976	0.218130540893078	70
0.0662075545705551	-2.37721230251215	83
-0.02376324880935	2.10414852004746	13
0.097963843860257	-1.3833362546145	58
0.026472527193564	1.68574921320235	34
-0.0628586317839299	-0.61207586341526	34
-0.04902788525983	-0.906721156062698	34
-0.1036721165293	0.155749276644709	13
0.074747377855244	-0.64127444564966	70
-0.10749551163727	-1.99905962824596	13
-0.0764359897740099	0.569500909031305	13
-0.08563323602562	0.633909364993528	13
-0.09064877194137	-0.690753574917277	13
0.039522271114123	0.590962476018866	34
0.055622678472059	0.778694697159203	34
-0.01746505973515	1.24304959545756	34
0.105750948050768	-2.23685894522413	34
0.120287493400663	-1.79040155315146	34
-0.0984010774132999	0.86029972288317	34
0.043065825824106	0.144598024003589	70
0.046800098363866	0.772911555682835	44
-0.06306097452547	2.07574015792044	44
-0.0787020042106199	-1.89612796860782	14
-0.0550025485179	-2.09148935754926	34
-0.04952818612568	-1.23426989976573	34
-0.10381719807459	0.379477936411877	34
-0.0379753797116	-0.63830682147109	34
-0.08883188162112	1.96147211862598	34
-0.0296889827540801	-1.1895392881845	34
-0.0191045929892699	-1.40771979996924	34
0.0590981860161121	-0.622751470385424	34
-0.00322457211159	1.45630468866092	34
0.042146254285009	-0.971903593057078	34
-0.0775389014832	2.26742037606513	34
-0.0492639564117301	1.73206359708682	34
-0.01782078847293	0.830281738987253	34
0.043213360196683	-0.0297887621388924	70
0.040796814318417	-1.06987219099837	70
0.06054346981016	-0.703618740882092	70
-0.01045338292724	2.05379202492468	44
0.070032300265116	-0.147404795683599	44
0.066351816099839	0.0542522862763128	14
0.107275558685627	-1.23541487088797	44
0.037393318162151	1.39383069527293	44
-0.04482921681298	-1.52086357063332	34
-0.05342446688106	-1.17449007954119	34
-0.03834043835542	-0.22041791676223	34
-0.03736847034939	-1.16518293299514	34
-0.04615276058648	1.96858824850462	34
-0.0292390638451001	2.39015491663065	34
-0.0069205718162999	0.103125312077555	34
0.067423851423905	-1.39367262417553	34
-0.03012332496241	1.34557095547287	34
-0.0148474329659001	-0.461540725216935	34
0.0123010490571061	0.927451003210265	38
0.054734843085266	-1.38512400746813	38
0.034221739653469	-0.47350210047426	38
0.012487613348848	1.89601328894671	44
0.083349007469264	-0.800218133585553	44
-0.0840982164394899	-1.00934454586952	34
-0.09218098114426	-0.659917265672295	34
-0.02019633615769	-2.45203106866777	34
-0.08266096778514	0.655738555466797	34
-0.0261335131210201	-2.15144924365863	34
-0.09569930693288	0.186820756046995	34
-0.0500557733170099	0.70155018360936	34
-0.01907348194637	0.913889466779175	34
-0.0530274456680799	1.40914481148214	34
-0.0504568433733401	1.71101561400329	34
-0.00815050247275995	1.4185299808776	70
0.0123090854721311	0.607727783085807	38
-0.0319596612182	1.63000098261934	38
-0.00888683023008996	2.05340965173781	38
-0.00137065274705006	2.32593036524961	44
0.113627610789063	-2.17864993093189	44
0.022041121750166	1.74508314880941	44
0.034800284889882	1.43150207537095	44
0.101203571931542	-1.36077016800395	44
0.001202649039726	1.65400497216849	44
-0.06999586167786	-1.39925277341967	34
-0.03501647641282	-0.290333418872876	34
-0.08531310945319	2.44936136982111	34
-0.12107435489394	1.63048943801827	34
-0.04333330949071	-0.567879777028569	34
-0.0370822498809	-1.2133481038414	34
-0.0045081821536701	-0.473706749866448	34
0.030904289524966	-1.19331601645538	34
0.044319823694397	-1.33567735554104	34
0.00667728328999695	1.06824801363407	44
-0.01699571574811	1.4825773249592	70
-0.00921488070323995	1.82714986733162	70
0.017491004479926	0.650798181219461	70
0.071614747915689	-0.160050555381549	70
0.108513483724907	-1.32408332123477	38
0.021575259104299	2.14645537121603	38
0.019183663511961	1.86820418907419	44
0.063110454038029	0.400496383372673	44
-0.10186051200098	0.213616233952795	34
0.00530146084159799	-1.48953699932895	34
-0.0888233907802101	-0.102798223063392	34
-0.0605735275260999	1.42760578512181	34
-0.0390234387511901	2.17015664576593	34
0.032708891315181	-0.375743715742281	34
0.092635021260479	-2.34900245847594	34
0.013068966061505	0.602087753266474	70
0.0500265673721611	-0.256520599148068	70
-0.0390496275979499	-1.00029106769204	38
0.023148608673351	-1.0367245917874	38
0.075995757784162	-0.0878478689769402	38
-0.0771170700642101	1.68521409999319	44
-0.12266296857484	0.551633437469366	44
0.0336437184060791	1.63409211253989	44
-0.0550953182596701	-2.44988701413978	79
-0.07243143757324	-0.905371556154627	34
-0.07203538051647	-0.0808855869162386	34
-0.0535142768699	-0.25796226386376	34
-0.10769870653462	1.88456435502786	34
-0.0322982992551699	0.719999627466265	34
-0.0518737478884199	1.28786485629247	34
-0.08595361974105	2.1989314767	34
-0.04064709736073	1.60996454233534	34
-0.04053529999915	0.748871705573517	34
-0.00270195663359996	-0.118606782654044	70
0.010819460813336	-0.603811843089645	70
-0.03096093877196	1.71291082421433	117
0.031166109376185	1.62564770662015	38
0.111696774671189	-1.49272885184717	38
0.0139783946379211	1.38304418772826	38
-0.0590880396820901	-2.30476877070986	79
-0.01584155744414	-2.18371414228749	79
-0.0379218976648801	-0.485300515924038	34
-0.0686933689748599	0.771910320971607	34
-0.0593495222763101	-0.803300409942093	34
-0.00673024232590991	-1.82376201930015	34
-0.00773968144376003	0.362325786736925	34
0.031747401600231	-1.08832098785189	34
-0.0293392220086	1.01123409685918	34
-0.0346278242803399	-0.4095098797556	34
-0.0000297288807500351	-2.37738157688864	34
-0.0999871588207499	1.03152619676067	34
-0.04721346177835	1.40640952001441	34
0.026262886590864	-1.89810017712452	70
0.032326787068591	0.393339706809897	117
-0.0338781927596199	1.24148973375111	117
-0.03690393062403	0.396530484451073	117
-0.0702869880338	2.26849932193131	44
-0.0268506849076	0.5925036577447	38
-0.00867998869170994	0.684459882022154	38
-0.03158457474405	1.59448128589054	38
0.064574178801084	-0.150628866186256	38
-0.01244225788874	2.2273738858087	38
0.026554108399708	0.196453162395567	38
-0.0461986043232401	-1.64195874321969	79
-0.0574553539442899	-0.368977187739258	34
-0.0405166481372801	-0.287516969380707	34
-0.10724914694647	1.31932127674326	34
-0.0975530995384499	1.75433364167304	34
-0.02912709530031	1.05002518120781	34
0.0162597190653609	-0.0321217618443264	34
0.014188973068999	-0.127268411490569	34
-0.0469951833847799	-0.914250950749469	34
0.029970872692284	-1.57085850219992	34
-0.0460578151793201	1.14553229731046	70
0.029388354659747	-0.507443997823675	70
0.052125323736971	-0.837125424756142	70
0.053215294023526	-0.301528675340649	117
-0.0109170011217601	0.418859715532658	117
-0.0340606438462401	0.817111780061222	117
0.045900816302381	-0.821482864498293	38
0.048409735672177	-0.353565584958695	38
0.01797117275253	1.20378428127272	38
-0.0689189945236399	-2.14121431582474	79
-0.0898502309114599	-0.523642743893195	34
-0.0533940462634099	-1.50678288850947	79
0.023353125618384	-2.35152349035245	79
-0.06286683211176	0.537620755018725	34
-0.09894550202283	0.675250991266569	34
-0.0307277449379799	-1.31822294733601	34
-0.06028834760091	0.563217158577213	34
-0.01070408420622	-0.804125374491477	34
-0.06386367915418	1.61957535506703	70
-0.0410614807451	1.63191557896232	117
-0.02888323125917	0.295196273128646	117
0.017106309571877	-0.179074148270537	117
0.015532355766531	1.01704496200089	38
0.012733712372718	1.68520632217683	38
-0.05298039902771	-1.9955729957405	79
-0.06430470904863	-1.44042590803018	79
-0.00863154440466007	-1.82007162067321	79
-0.07590696080364	0.519583939774257	34
-0.0329569794400699	-1.71353487646881	34
-0.10787019038808	0.646220391501533	34
-0.06450120755895	-0.48191542875016	34
0.082817232843408	-1.67596847448896	44
-0.00589234417569995	-0.608349706997291	117
-0.00294894598295992	-1.21239258039871	117
0.036036959492102	-1.95127389199571	117
-0.0539344532427599	1.69925423925489	117
0.00649950806351696	0.712465732627521	38
0.00981136171881103	0.111225277347881	38
-0.0834762643476199	-2.21967071208367	79
-0.05748468282494	-1.69149074709579	79
-0.04537832225385	-2.10575097147941	79
-0.0369160606200301	-1.76074250547388	79
-0.0901558988887601	0.224731601234208	34
-0.11573085356573	1.40939155606889	34
-0.11818730642172	1.93190706946919	34
-0.0640781165270701	0.687968673474853	79
-0.06957740735583	1.23981249561457	79
-0.01574667071247	-0.065385334634211	44
-0.02869705050828	0.745776737416314	117
-0.02797813642137	0.34679382322965	117
0.024825119573626	-0.353319098365532	117
0.042262399921001	1.2977098548237	117
0.114142190995216	-1.61662414258051	117
0.045955799407949	-0.55734880441463	38
-0.0100820594799	1.45292747578787	38
0.09481476738963	-0.813134267091566	38
-0.10130829218643	-1.03504625225156	79
-0.0912444960802901	0.14481173719614	34
-0.01257031622386	-1.49292105175699	79
-0.0242126562284599	0.0560085442109966	79
0.057410335399543	-1.47585906381091	79
-0.0107472872935199	-0.649834792979988	79
0.015999890281216	-1.53052568775063	79
-0.02336006215707	1.64396413053304	44
-0.05481342174839	1.8240604292572	44
0.023211017260098	-0.857256690854161	117
0.00558762501801602	1.27801443175455	38
-0.0193099437520099	2.05084711057558	38
-0.09630245510174	-0.570639219966708	79
-0.10496363872548	0.079399768319778	34
-0.0173489895402099	-2.09903177546931	79
-0.0783134541939099	0.879336797032064	79
-0.0239530769685601	0.862356319651308	79
-0.0773717877574101	1.08054813583315	79
0.025834988828345	-0.776314920956253	117
0.0442376751732439	-1.47752524424729	117
-0.01210411207619	0.174266227375266	117
0.008465470155126	0.660040414022678	38
0.076196240565646	-0.191114488052779	38
0.029061256554299	1.78828675918532	38
-0.07414909341553	-1.43416626155194	79
-0.0496542203772401	-1.67093777620359	79
-0.08986246051442	-0.367429705987075	79
-0.0931376040851899	0.262682070365795	79
-0.0555292936384499	0.096508464187643	79
-0.0213647317886001	1.1690028490511	30
0.00314062446319596	-0.935778957204842	30
0.051116193776547	-0.839352843244136	117
-0.0040785461417101	-1.08106411065542	117
0.017411432430136	-0.980785996061655	30
0.018308721038562	-0.536450220470798	38
0.031212460819959	-0.573191135691864	38
-0.03356796924608	2.22153763714946	38
-0.0370032781432801	2.04308079874039	38
-0.0270388672161399	2.38313470910349	38
-0.07930613832162	-1.97350772196775	79
-0.09841112276022	-0.559979230545306	79
-0.06750121629525	-1.32557970941872	79
-0.0160675130675301	-1.78429194143583	79
-0.0296022745927	-1.45745213716567	79
-0.0511007210826999	-1.11322189386919	79
-0.0293161564503199	-0.314821057659305	30
-0.05011197910466	1.23552003646925	30
-0.0545054646155001	1.47477366335168	30
-0.0843067804161499	1.50563870800217	30
-0.0661648516284801	-0.0113145322579094	117
-0.02826344717343	1.84694713685339	30
0.013683273965473	0.481679800085708	30
0.0106375318223459	1.0512954366819	38
-0.0867862460392199	-1.07265414829619	79
-0.11530383442803	0.48670638712418	79
-0.02545113927617	-1.2434733006104	79
-0.0382112168834301	1.33942570753716	30
-0.05553444622173	1.645598179258	30
-0.0255546433906499	1.15929891922119	30
-0.0782731962530701	1.5338054151371	30
-0.0720198074529601	1.30085427765154	30
-0.0107013563603	0.997223622388159	30
0.033230821444732	0.559559976355583	30
0.040808672665246	0.256772336787531	30
-0.000124521005770095	0.476353049838288	88
-0.0268828116884701	1.60074010270877	88
0.00494936205861796	1.56512144744404	38
-0.10838305164685	-0.151390107753695	79
-0.0590584184898599	-0.541164859470527	79
-0.0109460417363001	-2.19958614406583	79
-0.0021067499479499	-2.43608892984001	79
-0.04766948733842	-0.186700229460481	79
0.039122844431139	-2.18295322077347	79
-0.01908505942281	-0.166075435265931	30
-0.0888676286833501	1.75599001110306	30
0.00797450330933203	-2.24994500549379	79
-0.00625169847667007	1.43751242481244	30
-0.11965267832443	0.629271100816293	79
-0.11605633395534	1.51648248433993	79
-0.08210595661408	1.80927737335743	30
-0.01900924567045	-1.04998370614702	79
-0.0355130096640199	-0.803162446641796	79
-0.0129927052988701	-0.0330714890487585	79
-0.0224229101909601	0.953386153293291	30
-0.0355177379340601	1.55877616943596	30
-0.04154092299707	1.67578994636212	30
0.024002522163553	0.139628790955136	38
0.04518192975452	0.15957532747229	38
-0.0954903652505099	-2.35073720153255	79
-0.05489585422587	-2.1056678646034	79
-0.11827995472885	0.159386243146045	79
-0.0728491081610201	-0.984059024152877	79
0.025806123039856	-2.11421983158781	30
-0.0697090209874001	1.70672419110998	30
-0.05671419250683	0.152719739854263	79
-0.0305720246738499	-1.24648410470527	79
0.022940021864882	-2.40752397874212	79
-0.0306341297052599	-0.104401843498728	79
-0.0718857634707499	2.45460873824766	30
-0.0562813490293499	1.69097149904269	30
0.001042580815379	1.08590867918437	38
0.00405443438983599	1.06716065341416	38
0.015194546628106	0.909122781451789	38
-0.10504166093239	-0.415693356338789	79
-0.0574225550113801	-1.14954776999893	79
-0.05550761399571	-1.74893223666214	79
-0.0347670491982801	-0.699099487205466	79
-0.0503757439825201	-0.963513022559535	79
-0.0504880368493901	-1.06913327509869	79
-0.0020649362748999	-2.28382569082259	79
-0.05385392902804	-0.441541068336694	79
-0.01829554022719	-0.949287908072254	79
-0.0601650516396499	1.05481155535966	79
0.072362228367178	-0.78049510886985	38
-0.0857382885239899	-0.436491201011226	79
-0.07950906394841	-1.09889174150891	79
-0.11416431068674	1.52875932144159	30
-0.0189757998061899	0.647533088579753	30
-0.05957603571076	-0.383244071001887	79
-0.04524747148547	-1.60275612760497	79
-0.0702028585218899	-0.326366287233594	79
-0.0461807648827399	-0.912865185372212	79
-0.0882600673812	0.907025345520296	79
0.067964295107088	-1.18110886773441	38
-0.0619663890105899	2.4321174754174	38
0.00461744448192203	-0.77093317368054	38
0.030656664353754	-1.44202217764736	38
-0.09122572504295	-0.706035235194399	79
-0.06252753202446	-1.40192415138492	79
-0.00445913183957991	-2.45279953805397	79
-0.099467351091	1.1992772045317	30
-0.00719769518851998	-2.18059080830728	79
-0.09545769931863	0.294862283982845	79
-0.03603009625416	-0.31562442683515	79
-0.05146896382019	1.39274797743146	89
0.011361650493302	-0.784681528677368	79
0.038829330519164	-0.40136459991113	38
0.0151587986930271	0.379624392146113	38
-0.0722852149553499	-2.10440976447034	79
-0.0627675760341	-1.77031584019208	79
-0.0462869789593701	-1.93245227659434	79
-0.09638663170491	-0.157786881520153	79
-0.08986538075698	-0.527552113321097	79
-0.0842030507826901	1.5459383479746	89
-0.0427822306332599	0.709759463087156	89
-0.05872034407828	1.8292003963376	89
-0.02307886157576	1.02146372026094	89
0.00318147400964397	-0.958165666730441	89
-0.0713104183987701	2.39066918500009	89
0.02744900649237	0.615216781364566	89
-0.0943858377812901	-0.491281274715043	79
-0.0430112607862301	-2.1106388445247	79
-0.0903378913514701	-0.453740745446588	79
-0.000743991502849983	0.510312558755043	89
0.040815524828956	-0.508484008243801	89
-0.0422036990061301	0.950877181277999	89
0.014611786669936	-0.312115285640687	89
0.0680544391683941	-0.274259225072704	89
0.073972947920507	-1.57714250982822	89
-0.0369361226179701	-2.40614979553398	79
-0.0314173547641701	-2.48309022016004	79
-0.03304926554406	-2.06268807006469	89
-0.0471243771502801	-0.839734919269702	89
-0.02276196617419	-1.08407752776419	89
0.01016872866233	-1.09257053006743	89
-0.01044252605901	-0.307385248231345	89
0.043932278024192	-0.773656488228014	89
-0.00682350938002996	0.956063553997478	89
-0.03091148147053	1.60698115406341	89
-0.06452447188864	-2.45774679707967	79
-0.09250791377967	-0.824216478845838	79
-0.05754342929825	0.423233799133087	89
-0.0595422078869099	1.88371053282613	89
-0.00744251633049009	0.795250334293215	89
-0.0519433667124301	2.04435559181249	89
0.00530866696943599	2.11466321328238	89
-0.0278917246429999	2.31345378270373	88
-0.07730707733001	-2.0773899116041	79
-0.03306156837688	-0.790337737071759	89
-0.01901893310569	0.313572192950279	89
0.03165800151983	-0.748404270565946	89
-0.0255298441462699	-0.345205920690681	89
-0.0292851416394599	1.29294649613316	89
0.063978654088578	-0.0675239402032837	89
-0.0508635697895301	-0.678463836336235	89
-0.03536608719481	0.724668154615234	89
-0.00953635627665994	0.823086190726958	89
-0.0210945118788799	-1.13763348995175	89
-0.0301338773433699	0.2574143432829	89
-0.00080331634672004	1.24883517406086	89
0.023933529844921	1.21170416049696	89
0.097012235673705	-2.40752998675078	89
-0.05257719184855	-1.63934099253527	47
-0.10369383511307	2.07455882753867	89
-0.09183669858157	0.664245109076862	89
0.011198619988532	-1.54721782591997	89
0.016338536832313	-1.03348468431843	89
0.020805582520952	-0.972368563113246	89
0.025741204002718	-1.95389379371144	89
-0.10928193233382	-0.547570077258012	47
-0.040564697128	-2.44375812091939	47
-0.11215118490203	0.00431978950859246	89
-0.10736602963539	-0.257131209023953	89
-0.02520587329535	-2.4038550884312	89
-0.06391284476957	-0.386052106047515	89
-0.0168772399685999	-1.37843851786116	89
-0.03403278624227	-1.13067925249855	89
-0.06731953816064	0.433446566629037	89
-0.07178576399552	0.0163401515878761	89
-0.0693174535002901	-1.08697949764176	89
-0.05996912419139	-1.40052567542547	89
0.064276725505037	-1.57584588754957	89
-0.0676706793902	-2.10637471861335	47
-0.0464722662630701	-2.1510287837322	47
-0.03490293833271	-1.12386813997892	89
-0.0165927702937401	-0.0775331284289393	89
-0.0766496138643	-1.99247855034434	47
-0.0857356116122501	-0.699266142781994	89
-0.12156279598773	0.426860272516944	89
-0.00574226412232992	-1.06789120740962	89
-0.05451981795409	2.23539643250872	89
-0.05030282368087	-2.32335393660564	47
-0.10348754362502	-0.250996501203904	89
-0.05287324853152	-0.0687710273129198	89
-0.08190148211629	2.39170597930345	89
-0.0528318556215499	-2.27143230094045	47
-0.0869097815356199	0.46885658620981	89
-0.0339349208480999	-0.106568579763351	89
-0.09666047649286	-1.55100970661029	47
-0.0529182287221399	-2.16654261577733	47
-0.0470429356592801	-1.98584842656531	47
-0.0921272501738799	-1.07940025651484	47
-0.0382311880173201	-1.99040543162062	47
-0.10485001729636	-0.275826605604365	47
-0.10412507353447	0.53378461659058	47
-0.07283588032501	-1.49695795525933	47
-0.0872844660872501	-0.616124902457212	47
