x	y
0.0020937007153335	0.00444406871360299
-0.017287782215747	0.0365339249382646
-0.353552626118788	0.491251127302132
-0.100421643605447	0.235194732712711
-0.0369348402230686	0.0807965254570659
-0.311848936516598	0.539916360462117
-0.419220896707366	1.29567285297711
-0.204337089966542	0.271217962047865
0.213741995852877	0.394479000409438
-0.169871219185223	0.467427484045826
-0.0965719457189372	0.225600874185076
-0.0544135100526141	0.116322367841412
-0.0875144143680018	0.173134279291589
-0.184425297974656	0.387826694886238
-0.00957952387543885	0.0240457680843006
-0.104364691590061	0.381003856426819
-0.132408368285884	0.425328009661062
-0.144814858213474	0.147181210287155
-0.272307758453881	0.377476065487757
0.135523510713821	0.318942309818892
-0.204520966567089	0.556447555197341
-0.0375954572853238	0.073343439144085
-0.00875985171749641	0.022580434822511
-0.0344631982892068	0.0957579365030922
-0.17608885244218	0.523277579760708
0.0761193207457294	0.163226746638377
-0.0358284276281249	0.0733939566144262
0.065224046084719	0.140177268806189
-0.314353604444194	0.81426781203492
-0.634088886031436	1.98006840067667
-0.00279439186279674	0.00694216109318261
-0.0213021140029193	0.057573293002094
-0.0453326615429299	0.109914854486467
-0.00794270352080102	0.0193340685772081
-0.60281026564228	0.76446103924356
0.034736893500069	0.0371323245519069
0.0333425146229267	0.0708037431144862
-0.0067527264740805	0.0142141681889797
0.114620272341425	0.291356204856901
-0.0623862973837035	0.120737201478934
-0.153420226976059	0.585972850615448
-0.0823789972107935	0.244642783081588
0.155903060153635	0.618312940651977
-0.0828690271427213	0.185797361852518
-0.00356788469263513	0.0073674358392868
0.0993926846494587	0.282231776676463
0.0388561971410567	0.111494006030306
-0.284596237225526	1.23171816007583
-0.0445878850358376	0.102053128716286
-0.0519885243272852	0.0702030956622075
0.101873133899136	0.114169049394039
0.103632828872692	0.151032187244607
-0.0854402262356591	0.230562576039066
-0.031578935184066	0.0754311787861391
-0.148626442632486	0.462768742561445
-0.360476599375826	1.20875966448283
-0.13101673335689	0.261702308655805
-0.212711977676224	0.867615858185227
0.112954251060456	0.429968187027329
-0.199287801641261	0.589918709038871
-0.0804619246013743	0.19519138546391
-0.184275479040826	0.601241443595596
0.018036157147674	0.0479370177915699
-0.0123278026352621	0.0323699598133407
-0.1516305229687	0.439466419224232
-0.0824049340453266	0.204776913912419
-0.0974369316501878	0.156190253526354
-0.162074996182769	0.222021467382804
-0.347722728205207	0.796827260623454
0.28297835252994	1.11429448639521
-0.143940855436823	0.461741488385334
-0.0800350033322987	0.224401410513456
0.00738144189134297	0.0149877037062548
0.0417677831863366	0.082328324457925
-0.0447625743536969	0.111084943002113
-0.151349504654026	0.567303600962312
-0.114321342073244	0.374694765778054
0.11176429102688	0.376380861619988
0.0467312889385404	0.116287213860165
0.0966547283181929	0.261141408859349
-0.0647871300428258	0.170159661047818
-0.0144860545509149	0.0381102769158992
-0.0170248744646015	0.0423212228894409
-0.0897470349490845	0.266832064199893
-0.183006910705792	0.630859099584254
0.0195172441494516	0.0248895918288689
-0.0763287372676492	0.164938038206542
-0.131952937311827	0.361584928857901
0.0120744675672459	0.0282104825128713
-0.0585060098509782	0.146993999678118
-0.23701199322896	0.665736381316464
0.251407700209242	0.600750682415457
0.224861681240258	0.630598497956259
0.117978196480677	0.345446048993357
-0.0971932589795768	0.285939525550005
0.121569473033207	0.383083495252196
0.0590812580757386	0.145384679474785
-0.145508149760835	0.449803409408286
0.0234669637540222	0.0667850020433232
0.0652001038347933	0.183900928367175
0.354652302019152	1.83661665931791
0.0138100978557467	0.0361161148434623
-0.0492716899658064	0.138829396779117
0.20109257148066	0.840847871798437
0.108615890561705	0.355961626286537
-0.369243265411625	2.06304639337575
-0.118929834039791	0.382813911155578
0.0255646601821356	0.0754194432031804
-0.282928855510826	1.28937334378131
-0.023729317748943	0.0658570033717842
-0.100210961227236	0.340134293387459
-0.0833283408844993	0.233889808271881
-0.0582545052275345	0.133458956174212
-0.0873465134417898	0.14323128445594
0.308750154830065	0.542540313239928
0.533802770747618	1.58867741491478
0.168829831688932	0.545198381918727
-0.171465951062998	0.541129769887287
-0.0791729739605344	0.209610230496094
-0.251919533878913	0.761762062685157
-0.0174466894730013	0.0314476522514664
-0.037023275795728	0.096089905969406
-0.0637749180887659	0.184861250034542
0.0142400609407091	0.0384931364014513
-0.0581783818876434	0.165588084544389
-0.00770232866304433	0.0189596465170672
-0.37670283558694	1.51618845083511
-0.3763492240847	1.7271369984158
-0.275031830336457	1.31161633846181
-0.113432084133629	0.328052667714987
-0.0612995496356482	0.167128125244182
-0.0805874048391472	0.21929856229111
-0.196104860204703	0.482892201110615
-0.231330079358596	0.317868820037452
0.178358934544191	0.189148487029136
0.5601281967927	0.971902672319379
-0.0602862402887759	0.127984971941794
-0.144920312794233	0.41549009806257
-0.058923037403413	0.137080398004589
-0.135619973154477	0.521294927578713
-0.0711351248330405	0.216568930210226
-0.0559484977610414	0.136209458768969
-0.284040317567111	0.981012332323347
-0.172750870765852	0.498388025597757
-0.302464068416638	0.910366045750165
-0.143958274603622	0.320628973054863
-0.374646138481227	0.519558472787282
-0.553767374715451	0.669849079166691
-0.602588322987636	0.938682886379973
0.537296878649384	2.33402149743196
-0.14575264690956	0.387714286092179
0.0866010870543761	0.199531444198466
-0.203407896212153	0.32784430867896
-0.0967232036507191	0.223320365508802
-0.0997609729924621	0.230512426702041
-0.174988743115239	0.451734485945562
-0.101809650597089	0.337541052274423
0.0114571322949939	0.0248295206667446
-0.442454423860674	1.71192428480443
-0.150367405463351	0.323026618576586
-0.0130084188356183	0.0183711432830891
-0.0387903438381132	0.0860199957601304
0.0235660351573097	0.0468099813859293
-0.088320675672572	0.223595990347348
-0.00572208197709083	0.012641861889456
-0.124714993870351	0.449799644193158
-0.0723547448918557	0.243648710139177
0.00676137964254215	0.0141656123860366
0.018389918111254	0.0383635702091821
0.0232485265855421	0.0498603795731552
-0.193775589588319	0.643141934038212
-0.132340980684395	0.414773976713394
-0.0719134225340439	0.218182016046827
0.0689929166724927	0.187780743533589
-0.15699352995335	0.452887497487943
-0.462603749796427	0.765976697048542
0.0586775922088817	0.0775382412369159
-0.044970973878041	0.0983406393362141
0.0852860192992905	0.209249275990756
-0.0869807763291631	0.205747868354829
-0.0485950165937461	0.134060672359142
-0.0680140879027077	0.217812411143934
-0.0955645154504665	0.269993517041062
-0.51379802395418	2.22276975587783
-0.116203672815143	0.294744891545831
0.150808575686	0.419142489105854
0.302459955642107	1.18360207385979
0.198159170261214	0.772830086725015
0.0165720684601862	0.0465759586931861
-0.271131227130642	1.18623351842982
-0.519668720052097	1.65992143145721
-0.274138353143326	0.496464335979415
0.0368909934829818	0.0436938666479728
-0.121275055683996	0.186848016077963
0.0653666040885631	0.147050619920708
-0.00623855735641365	0.0118786930034239
-0.340802059167669	1.22115266223276
-0.0435503409659973	0.118231562522725
0.0217933569033104	0.0548265386840261
0.0434414061400225	0.103002353803181
0.0858596676843269	0.200742174461418
-0.0413034545805649	0.0874016831590593
0.0668466991496621	0.15946861116661
0.121911475468553	0.336501274980858
-0.0614690343352984	0.154120396006396
-0.0311797316349481	0.0786221371467727
-0.219800117003522	0.708408653815961
-0.0368343037983398	0.0737797885050023
-0.152564162608313	0.334614855579394
0.229125680233879	0.706869917794111
-0.0411106911164499	0.0933471949178918
-0.196358697656152	0.682377690522949
0.0448849697603896	0.121020983729438
-0.243703098465121	1.06315855523183
-0.0257146492153855	0.0681241762483821
-0.166890920093276	0.598228630234405
0.088947449621019	0.272794280972687
-0.179514608998996	0.59762174510731
-0.166010952280145	0.444473844164989
-0.084331547958434	0.258030076937881
-0.0073060755215576	0.0150723091984469
-0.129198692905481	0.246172906883605
-0.0794191031294681	0.141856602505648
-0.140479037045101	0.332016032079085
-0.195273562533098	0.723423494333897
-0.105794523207167	0.325927633151695
-0.0550189569929341	0.148732802716096
0.0102881960405086	0.0259560830051595
-0.0967634299749942	0.28760206463829
0.0445324585400094	0.116131014378095
-0.27557428977149	1.3455147492644
0.0394249909890317	0.104914762623879
-0.0448762073680055	0.119978079570035
0.14724043983975	0.494428274764556
0.208717049728509	0.803232340056948
-0.0222127831527444	0.0534346863454714
-0.200360874815613	0.709079656586585
-0.188137467857885	0.720055484693513
-0.227695451344373	0.70846301045036
0.10587355104141	0.203071523326549
0.288274065933182	0.648287943058898
0.0562888137118696	0.0971320200032637
0.0204876580368943	0.0473369559389101
-0.0561149804998127	0.147877863131602
-0.443491611704869	2.00420895769402
-0.0204450373381929	0.0506905755522071
-0.222445052099268	0.884053254371112
-0.0636743122282556	0.178683666647074
-0.0737965183807483	0.208974695976707
-0.0871809944920233	0.271373398410121
-0.0570340004917018	0.151765954371585
0.00437931363578173	0.0103337572974474
0.12014139741115	0.395038183253203
-0.023120954256861	0.0597193986417393
-0.0370914429375666	0.0987881484046814
-0.130686735260421	0.393697821035037
-0.120962882192117	0.404565313501363
-0.300225544761957	1.23667542099058
-0.208263859251728	0.651494968761934
0.0257992600379808	0.043388812622142
0.0541064691236181	0.0759554379940497
-0.240733393984523	0.609262323081512
-0.0246161527780618	0.0587908980164636
-0.39912083969356	1.93163701754493
-0.108382128909708	0.343541825229027
-0.00676656659644508	0.0176945704939456
-0.0724584237849829	0.221865411079885
-0.127120057939635	0.41477359946849
-0.176144639667517	0.60900095261391
-0.380574264174254	1.88417052999738
-0.115532112502266	0.367667327583904
0.0987363011000481	0.310730385899861
-0.0691185859948112	0.191194368229795
0.0628414811452621	0.169270217243698
-0.0116969028576497	0.0276637946379711
-0.129428777696048	0.433271584254654
0.312640094243513	1.44329354163163
0.0789460627428807	0.212273911898175
-0.0154454011185293	0.0399236795242001
-0.0455248681945334	0.113538180623755
-0.219653923307558	0.843438929124606
-0.0382313771215653	0.0872088646164468
-0.0979942069466653	0.191877293706767
0.113002092102738	0.192394635303523
-0.154425230083695	0.296038801585427
-0.0612832279471337	0.160992842260749
-0.0850230471760274	0.255136323464344
0.0344921527222118	0.0906927658046774
-0.0895099560788902	0.256160092447974
0.0409807400018617	0.112713484806127
-0.147209642623368	0.526691070877698
-0.200851432470603	0.690432713088062
-0.133186328278628	0.434241596523791
0.201924800310086	0.814348265832974
-0.0400194088230956	0.108235772855793
-0.0982603795247441	0.308870780567117
0.09423869102129	0.281994374462548
-0.112663235604569	0.350186127591929
-0.118120524306854	0.375281315345215
-0.0934606053989533	0.283810961057011
-0.16040345860484	0.554020565914304
0.0883527445740827	0.199025259425235
-0.148283233910104	0.358323037124092
-0.0899626907041384	0.291903575204513
-0.0520212146812313	0.128999443736193
-0.0242268549901557	0.0680422415737577
-0.00691425694107766	0.01847590231123
-0.0901078235369977	0.292047288190255
0.146699312646677	0.5138276166352
0.012037586424124	0.0292202024947388
-0.172277141472631	0.538905147655708
-0.0944909167060761	0.205567183460891
-0.15962263820373	0.52931818509028
-0.0972431011405446	0.319441959056807
-0.06295145556126	0.192058861102222
-0.0585197682284897	0.145291154489873
-0.116626090426897	0.217120430578957
-0.0105970416445612	0.0119131131348554
-0.210331500493422	0.472222041130094
-0.060287783700793	0.15925335593696
-0.0418268610722431	0.105657063266811
-0.00881536346283643	0.0215041763759675
-0.233274646746007	1.08450019759286
-0.236412457256986	0.919320763946979
0.0937333844327415	0.279625928296645
0.0176378047630296	0.0464518601893737
-0.165900919046197	0.600512733844157
-0.193548652014779	0.733467308734129
-0.181018146432252	0.684706782386682
-0.0425764917327749	0.114874159676224
0.0552263886303911	0.116526782066789
-0.140241472964787	0.300464144900034
-0.0348556035998389	0.0754603138000937
-0.295144726125116	1.22250281248514
-0.170569945726654	0.598749174282765
0.0368960156268518	0.101687609131043
-0.177805557386059	0.680886206211866
-0.102031119951876	0.321359695040837
0.0971913929149209	0.303122212200146
-0.149785538861962	0.529201845047042
0.0399378630240307	0.115143723700982
-0.0539324183379802	0.149795295905517
0.02536536156047	0.0564594675735082
0.0641792264867661	0.123816763143149
0.232360567233136	0.829768305309313
-0.106436242995459	0.322944377089217
-0.0736844079682397	0.226447980302808
-0.0769117081686198	0.233536752006338
-0.069284360537898	0.236550109888588
-0.0990763710642091	0.338218642683425
-0.156511420918542	0.519468866060018
-0.0298821145956053	0.0841869202782393
0.254595150852162	1.24030499282596
-0.116470928103252	0.406435128540259
0.0275702091176962	0.0731027651943115
-0.05838506164945	0.152516732199036
-0.109600154879745	0.352135075753045
-0.119622032345143	0.363331512318908
-0.185900228058475	0.652597820506638
-0.0723444241116534	0.21548010850113
-0.128049295463143	0.410658098561197
-0.281634854959938	1.07116116904176
-0.214989539301545	0.770060812257636
-0.0861030201436792	0.285026917761745
-0.1280439251775	0.433594893614878
-0.153346885492423	0.586403821005432
-0.191031822648626	0.616780961961774
-0.184008566527972	0.494455706943428
-0.0110345569589541	0.0283717929582952
-0.067525025593515	0.182007964329949
-0.123430429600041	0.398697975372378
-0.0248677348129554	0.0542380352316248
0.0639901614253249	0.174137566740744
-0.15291950085795	0.518804566018438
-0.0523005193616251	0.156607660074809
-0.194164270168243	0.921005788079764
-0.196104693193244	0.973078465348821
-0.184180769377162	0.769736475115062
-0.0352336957006294	0.0847414900308211
0.115646566927322	0.357127398694904
-0.0352487453341554	0.0881278531826292
0.43003375334043	1.69739139498496
-0.281164009857884	0.850142864512986
-0.144873829498285	0.489608420459153
-0.134474500930828	0.497342541959146
-0.14239904147667	0.519858975331525
-0.087866064649452	0.25046031673906
-0.13855445233638	0.23011695966766
-0.111122578164734	0.164770906136377
-0.00594352864515275	0.0131341098912456
0.0812888007657637	0.216328396347242
-0.0509171107042022	0.126528130349239
-0.353508780969968	1.04203745746705
0.010374662563204	0.0194878536495843
-0.0491907441560374	0.130742844419114
-0.107464844648977	0.401328337320982
-0.218665702900244	1.08242076640089
-0.0609860710069461	0.165141918604919
-0.0808927578582928	0.162445911851609
-0.212920935765306	0.692459365895566
-0.212562315813342	0.416092164762006
-0.0553500935077863	0.074371001577093
-0.0267166947211908	0.0457522703740668
-0.111841517325106	0.320672740958135
0.142931062276664	0.470383980442379
0.133393124758546	0.423746076482901
0.110213069752536	0.276487284865784
0.0593085386145197	0.127378619491024
-0.0435482002557932	0.117901021415985
-0.322387424495265	1.48797625669297
-0.122173846897892	0.385493763432583
-0.0855266917850126	0.271135938169592
0.022139306874021	0.03155124185477
-0.0586759151570507	0.166567290709409
-0.274087154274172	0.966496995481475
-0.436334455602172	0.629379353115081
-0.0528768429158849	0.13399850894311
-0.0778746837615929	0.222991001014464
0.069032246024059	0.185209063745172
-0.0335964057831781	0.0671582179414578
-0.160235910128384	0.35948754959322
-0.142679942524146	0.512242456384614
-0.0621899611653584	0.141636005565389
-0.233956799061859	0.817603218158312
-0.0857216850270307	0.242000961712036
-0.0173287825837377	0.0319162582195893
-0.105277137982371	0.334921045199558
-0.029418039326399	0.0701225117091564
-0.0711195240849224	0.192743102061874
-0.131838877890998	0.355836393326178
-0.059670375574068	0.181982141086386
-0.125649614930109	0.387405143992583
-0.0242113218375788	0.0573253753086979
-0.140309565543642	0.442593951107797
-0.141538952383185	0.452681941478582
-0.0737333379063228	0.212485817593174
-0.133868876216359	0.46203833957378
0.135169919872021	0.473120214777138
-0.0531359252306847	0.15823091570127
-0.0579622403658043	0.199185547724947
-0.141480397857558	0.564254952223903
-0.307798650937298	1.61037309638101
-0.116142811258981	0.340478931741829
-0.0878267052580741	0.25313533369911
-0.0341428139838094	0.0732216005509364
-0.0590279192538138	0.176281482063131
-0.13078955507044	0.502213007288342
0.385300184696699	2.23079972699017
-0.0541126650102169	0.145938552957995
-0.0594070506624516	0.173433598517737
-0.120346725780259	0.433222988388935
-0.0331154893123473	0.0357235168985354
-0.210146477037866	0.778677488684711
-0.266107311343684	1.1141816332207
0.0215347577596336	0.0456370370078393
0.209933031091064	0.439129084201772
-0.104714356939373	0.2754773859133
-0.126867360002423	0.507584807881916
-0.0215499854599938	0.0629465483444847
-0.23850556423452	1.0047597281746
0.148330721937059	0.598050665416374
-0.0196897924876935	0.0361010772324874
-0.360120482527681	1.25062651965645
-0.217759342502367	0.676329684234086
-0.239128668714052	1.17045018159343
-0.039128850019673	0.0936320875529636
-0.0230939650988152	0.05353673664483
0.175813565847604	0.582143109695121
-0.137626687241392	0.334383543593074
0.0661792248449391	0.121285497415643
-0.0588998305416499	0.148277545487253
0.030041565858692	0.0846250159456834
-0.0733167364681691	0.229277103708633
-0.0388348115199375	0.103069033521504
-0.00934307464806507	0.0261015010179138
-0.0908834834795867	0.223423095666293
-0.127659771449447	0.348438376321062
-0.253228582814509	0.82872689112027
-0.247911079934302	0.354574258287698
-0.546685160301013	0.588554545346262
0.0497674518790039	0.0581897622776196
0.0395166358043336	0.102952874814782
0.228288435421492	1.01725351715108
-0.232679880939888	0.966070922523335
-0.167073795225428	0.47913681625869
-0.14225212426534	0.285042190281224
-0.28394580737558	1.17604349313519
-0.10748877098766	0.441581406425826
0.0162761502443083	0.0485595256778342
0.091813321905154	0.293268494780964
-0.211331752646605	1.05935243010417
-0.039655076907518	0.0807868893824314
-0.431997831907437	1.67526601385369
-0.265195039634415	0.417355408418727
-0.161397197914737	0.13236325477037
-0.343370085993525	0.576433205113188
0.159575649988602	0.575669679775906
0.00556684013928536	0.0141276347235142
-0.0201011401913215	0.0543234214344565
-0.198987333355342	0.55012743088971
-0.0511785861507422	0.087206874738754
-0.0606648828193172	0.158277273579344
0.0633127539188667	0.241250139237027
-0.0362191732094753	0.120949236803689
-0.0822391549982221	0.2698212517816
-0.805301751068113	2.20551861117013
-0.0554093905176273	0.0508103072638506
-0.2485567949832	0.402004210577544
-0.136692561892685	0.488751619659916
-0.110914258071437	0.399465992548175
-0.0245749387295733	0.0661862431224919
0.233871882207637	0.821170202593869
-0.267130863197436	0.728681032025385
0.178091287247576	0.691429706330619
0.23909588741976	1.52027188139201
-0.0136778664720257	0.0457880877801582
-0.128749351280132	0.471062376251525
-0.0261838640680406	0.08506083084962
-0.0377841436093988	0.0820003614761839
-0.205375177626772	0.591417502378296
0.0202769507955059	0.0673439166753007
-0.0274895746339366	0.0884937366656301
0.166953334347712	0.803701036339672
-0.0446984623153969	0.130546100417444
-0.0000854809780755019	0.000189875788368108
0.0790843476580879	0.324433028637375
0.0365653320369513	0.126353470545955
0.0580081219157919	0.211402741955126
0.180405559366641	1.01473019602153
-0.265097578536229	1.66308592923203
-0.00940154265967283	0.0263400344062646
-0.173341470293322	0.63095716131747
-0.0950667850233329	0.331084410203894
0.0661388519947363	0.221613477475942
-0.0789797297171309	0.248836670017753
-0.0601460790024032	0.188889377701787
0.134355893067254	0.585200651800072
0.122206204830327	0.507023859771037
0.111769421621083	0.447526025914897
0.24041862673913	0.925710612044345
-0.212832396292344	0.786424259452196
-0.0624011278951581	0.199851373008424
0.0215812548372886	0.0524271130643176
-0.0485324253891187	0.153591265982279
0.275010307438748	1.0623168002411
0.114327674624924	0.418797897095346
-0.0646596960638131	0.281533088196156
0.0174688774077315	0.0634621668171397
-0.0414187902191048	0.146857942698631
-0.193575480016182	0.628151092979515
0.135297837712178	0.437911141445355
-0.116915889252735	0.403432298953796
-0.174385321831661	0.534008657984259
-0.0294010545683924	0.105364092367355
0.0291156466162017	0.0945237626911876
-0.114045860011803	0.500483174713267
0.166114406555602	0.945016722690103
0.256432302567259	1.74381417205322
0.0329309704412832	0.105185509597387
-0.0992035509431672	0.298086822857797
-0.17943885280025	0.671571001733346
-0.0217317317912769	0.0626092382393876
-0.180795211542473	0.942438462278559
-0.0941862500449001	0.399191573171352
0.0673806190073667	0.239070825723023
-0.114682757360603	0.482190820825971
0.136790632886426	0.687360285432851
-0.0893273447838485	0.383614401988359
0.236851327672519	1.29405486818769
0.0685067810024087	0.199900698428751
-0.154005299975824	0.548109024208667
-0.12677333377993	0.498418931000174
-0.337306091069986	1.77795675969473
-0.204554540891986	1.02912985552309
0.0730628886371392	0.290306811569813
-0.188789434758858	0.821716214323943
-0.120150499955838	0.503825492674743
-0.146761196177384	0.652773346173031
0.0589887477377981	0.211184909761577
-0.00599623452903832	0.0194020382538615
0.0148952865362166	0.0396295279047797
0.0639552842772601	0.194646063048116
-0.261055340824219	1.49447385642294
-0.24056035771368	1.1382227152599
-0.398464242428362	3.09600284690002
-0.198291870102525	0.829419588033639
0.0794256726178535	0.281738770908753
0.0349070768211666	0.108476611297278
0.113039908208214	0.392534738846067
0.00734762983989549	0.0195818546164993
-0.0147751036017457	0.0431477161086491
0.0891246484758493	0.332746302679244
0.124750722190368	0.548276025503151
-0.24670475936199	1.12368707411176
0.101095326388898	0.327931072617534
0.110564551068433	0.41624722256186
-0.227791907139282	1.04522689818663
-0.204499378060673	0.8153847708652
-0.35109747593312	2.2857817308522
-0.018411850507814	0.0520117767477099
-0.0276894544508638	0.0865599488500422
0.273732098703034	1.59503574032675
0.174796915948479	0.788706644106956
-0.207571627176904	1.13558737226949
0.151506539306468	0.62515653781297
-0.0776240623602318	0.253047909133481
0.0354265146266362	0.113918074321224
-0.0437488530343158	0.143742725366739
-0.124379750178341	0.51136952412058
-0.139962865641072	0.59599380339186
-0.0378063991809225	0.090798643228158
-0.0281891324199637	0.0943439500442573
-0.0146796086587068	0.0431603624438991
0.103861001522916	0.412227169987239
0.104895027223095	0.337051397411635
0.209543494398714	0.860082578293678
0.166330394022377	0.858684836511457
0.294674353799041	2.12496270954751
-0.0383762970962284	0.133928020797226
-0.130615497494433	0.615303851886014
-0.0681279590653858	0.265752145023372
-0.0648898966661727	0.198759270725777
0.0466020443662561	0.143439523735582
-0.0791778495591307	0.277137592697218
-0.0118734742142536	0.0328558913203895
-0.137503054084782	0.579138765780088
-0.00870044563216443	0.0263769716109062
-0.127233044091066	0.574002527156478
-0.0172863819559061	0.0560370633797712
-0.0682350886714345	0.206700882604377
-0.0194137457471351	0.0637697936042201
-0.0785114946811949	0.275861912318914
-0.0703058676176985	0.212529605457454
-0.0445570503945311	0.148701803282077
-0.133723133652069	0.590821022555326
-0.00521298975129584	0.0158825223577308
-0.107905638833594	0.430856342459807
-0.0285448226578526	0.102510948774814
-0.166229289903956	0.84907173285133
-0.0983425329013407	0.149688236369934
-0.289223532430386	1.1519792604197
-0.0920310104463017	0.279365786687857
-0.264446834310578	0.677719153177584
-0.142879381435729	0.712238463426587
-0.0360257238683684	0.0802908263889748
-0.144463161325399	0.33205110570729
-0.08538412700617	0.206228458232996
-0.262556031405923	1.07959005095587
-0.136771492463373	0.726489269014761
-0.120767814716212	0.645394236541233
-0.0348805520373956	0.133025179681288
-0.14563743247523	0.712206371139499
-0.0698167113889561	0.158042470533327
-0.15526323344287	0.448443505698346
0.00627970684360561	0.012501564686929
-0.184429384746866	0.482403879711414
-0.0774203872746769	0.150024790556776
-0.000367154312904457	0.000585999608920258
-0.127250103080052	0.205123301727157
-0.233491719272954	0.556935871189957
-0.215492358893625	0.477866247328173
-0.129212928191865	0.288328356792393
-0.176155533093167	0.49317030198915
-0.357213510535859	0.772083794163082
-0.173104628497232	0.342548038456141
0.0198799754620875	0.0328788552856228
-0.0955675761369136	0.149540012638816
-0.0331338085748812	0.0651243874516765
-0.249122395986179	0.797210172235596
-0.623259147539463	1.3328754148842
0.115035755252685	0.170080591420719
-0.332659802464628	0.496279578636211
-0.144048802571075	0.221817593437371
-0.263400547552891	0.719648020688289
0.221962937538598	0.321243014154556
-0.485969720029474	0.649975523037385
0.0311501889049489	0.0411704716004663
-0.144847419066151	0.349889665822178
-0.0490925414999602	0.105388684805435
0.00694456090606573	0.0140881503999485
0.0787730218395829	0.158859893024837
0.00374942108513277	0.00640472006641497
-0.349374462734949	1.28995131323068
0.19134375672628	0.510860840114901
0.028936940633636	0.0559890189012381
0.00709849582012332	0.0144038638813496
-0.314218771771196	1.07356400502836
-0.537892554622262	0.125688379713108
1.15939003155361	0.316917658481407
0.0219649879832475	0.0836091177371174
0.000939255466780701	0.0032512592452251
0.253398317380109	0.482778998493514
-0.0361383187754996	0.0110881627738564
-0.192361199183501	0.0526410097941502
0.329504711264943	0.0857134716799144
0.345129920773863	0.109586327709803
-0.105853263602673	0.119262952870352
1.05343733147942	0.966954417496855
-0.337219000639949	0.121433637368891
-0.220676773045421	0.208553488583773
-0.315166529840585	0.197719857016009
-1.0909234615856	1.66199452357002
0.112235242060051	0.535203324897453
-0.206312896202817	1.31480027569964
-0.0453157512469528	0.0356208544443228
0.0932451974349311	0.101860150503403
-0.753710822900907	0.730096139401764
-0.148909615285914	0.279802199024553
-0.953893346740268	1.08825232503544
0.113254710512883	0.0451133141886909
-0.755270368522729	0.411313630184889
0.287380980738527	0.233333536585461
-0.294670174168509	0.882395611437473
0.307933596005478	0.562003418110463
-0.603205112664113	0.684061579018396
-0.227916176459753	0.199596597811583
-0.0515351301485721	0.0961539211306251
-0.0442261690376382	0.0839154131353832
-0.024305188153837	0.0344071348347789
-0.00385135010534057	0.0117171392174791
0.0772698363981418	0.239798725134412
-0.0724380531551001	0.280958036418428
-0.0482190562512844	0.094623551393313
-0.0402215792371078	0.154661960703341
0.357398876830697	1.15646310656812
-0.275093019373388	0.775009904263011
0.137890389884052	0.237500439130472
-0.0586975231354175	0.119916826013477
-0.0706819655366651	0.326461682437612
0.0767214683649193	0.273041439324231
-0.00648795239986003	0.0103021775265641
-0.062365538230968	0.0640494130295191
-0.00694200260512447	0.0105394750769391
-0.095343249098608	0.441348903881443
-0.099650069192693	0.381140449900592
-0.17273019050046	0.619818912682073
0.205141464072794	1.41125254859765
-0.0541275904098426	0.190903570345961
0.183219760288203	0.35735904401164
0.01668729956615	0.0430534565752959
-0.0875144143680018	0.173134279291589
0.142484086347002	0.247023670562595
0.321064433043461	0.647512977443934
-0.0378653878188002	0.0639072413128663
-0.100948293653981	0.276970154544595
-0.096030356554372	0.212264312684118
0.218466300726927	0.379095497141756
-0.264849272101251	0.281602588925957
-0.411455722313182	0.900115928268656
-0.273475720911126	0.834773875652811
-0.0284398180957711	0.0860032669990091
-0.0328779958737591	0.116242644482232
-0.00745632800622284	0.0252070870451822
-0.0280133416335698	0.106498579440504
0.0020965103107762	0.007637500160191
0.0865058100511724	0.421809858108508
0.00558685797012055	0.0197224367061486
0.0316998213023531	0.128942134111514
-0.107396426223482	0.578548100227651
-0.0992000142120267	0.520770260019877
-0.229338464596828	1.67937708453007
-0.0857233650591017	0.3409453234967
-0.00146979168157888	0.00440576393184713
0.050197812370318	0.221861448970898
0.0863018517489454	0.415195683361145
-0.0332383417018566	0.136612376340386
-0.0956322422521117	0.492512518223824
0.123500879755718	0.706208056501587
-0.00686814985223508	0.0246747269537169
0.0626563639051901	0.228296156878579
-0.321907589406451	1.73219924753138
-0.122855370242187	0.498869155724142
-0.0641818335409782	0.224347372970491
-0.0204943817352537	0.0663117934752568
0.00824944544127522	0.0236024072963472
-0.110059256510627	0.406873038214596
-0.021861563160091	0.0557243910073046
0.0077331382382227	0.0236944307801534
-0.0906043650535727	0.417910528078071
0.0101011457488958	0.0345080772361702
-0.0395308184162736	0.152634985768273
-0.006708390661954	0.021253817269767
-0.0587765474207378	0.237198652069058
-0.0142345067231321	0.0540359478752203
0.164581558861392	0.915739377041393
-0.0134361722282772	0.0513876480784593
-0.0923055615924903	0.441114766074951
0.15237576089945	0.901553543054965
-0.132085441248549	0.761423354904752
0.00691464719063618	0.02080301690942
-0.0561789811246586	0.247693242061825
0.0765776557526701	0.373269339231065
-0.00399297564555466	0.0146803073575743
-0.0514320716922481	0.208243335711676
-0.130889924375143	0.729862708712727
-0.124662161982926	0.59002388402383
-0.0254440804626599	0.0754755886585337
0.0299347643797661	0.110034605360013
-0.0803202155466345	0.318787040740187
-0.148995289418001	0.610712271348895
0.0247926938876948	0.0740378919333665
-0.120854596708113	0.603886454689021
-0.03281713855684	0.115835887490063
-0.0345717111133365	0.106300287558395
